File Name,Actual,Predicted,Correct
testing_on_topic_4.txt,on_topic,on_topic,True
testing_on_topic_5.txt,on_topic,on_topic,True
testing_on_topic_1.txt,on_topic,on_topic,True
testing_on_topic_2.txt,on_topic,on_topic,True
testing_on_topic_3.txt,on_topic,on_topic,True
testing_off_topic_2.txt,off_topic,off_topic,True
testing_off_topic_3.txt,off_topic,off_topic,True
testing_off_topic_1.txt,off_topic,off_topic,True
testing_off_topic_4.txt,off_topic,off_topic,True
testing_off_topic_5.txt,off_topic,off_topic,True
